,Concentration,k_on,k_off,surf_ads_dens,diff_coeff,pore_diam,hyd_rad,Max,corr_grad
326,0.04,0.28401,0.60264,0.49886,0.04188,0.13059,0.45371,0.00240933265176282,1.354066555059956e-05
241,10.0,0.32246,0.62134,0.50906,0.22347,0.27793,0.36597,0.01715243197440233,1.1128595980279425e-06
290,0.1,0.35473,0.61303,0.50231,0.14041,0.41753,0.55474,0.002688275027866832,3.082610097555314e-06
360,40.0,0.40593,0.66664,0.51001,0.05808,0.37207,0.45246,0.012594396508503513,1.1991202291579586e-06
322,0.04,0.29564,0.60978,0.50684,0.04301,0.42187,0.43353,0.0017312237455403873,1.1197176956581156e-05
317,0.1,0.27697,0.64202,0.49763,0.036,0.36268,0.40415,0.0018363728291531129,5.540331738951723e-06
286,20.0,0.37364,0.59246,0.46237,0.11865,0.48442,0.53885,0.01479958533450157,2.031509207073688e-06
110,0.2,0.36155,0.64382,0.35987,0.04054,0.46229,0.62048,0.0034365188603712456,3.751894859993139e-06
17,2.0,0.4874,0.54943,0.4755,0.41209,0.54976,0.39616,0.010756727535939713,-1.0307422497683611e-06
177,1.0,0.22348,0.616,0.53393,0.01842,0.32865,0.53656,0.007660116160162833,-3.760492460884904e-07
180,1.0,0.30725,0.59835,0.4979,0.07426,0.47421,0.65795,0.008769684198402017,4.4644205900123325e-07
182,1.0,0.29691,0.59458,0.48521,0.14938,0.38741,0.49444,0.006456982831639026,4.573916167158425e-07
195,1.0,0.28975,0.58276,0.47208,0.18805,0.48673,0.54525,0.009877551140263775,-1.3228991284365486e-06
321,0.04,0.20062,0.49281,0.48746,0.11025,0.37654,0.38381,0.0018626318885632156,1.0660780049975022e-05
97,0.2,0.23488,0.53639,0.56981,0.31889,0.43282,0.42899,0.0034591055867651934,2.7645748865621215e-06
200,1.0,0.30591,0.5787,0.49817,0.25404,0.7103,0.75523,0.009026694818741349,-7.825450755638561e-07
82,0.02,0.99572,0.17452,0.66921,0.37291,0.26898,0.5022,0.00038475279632842565,1.120495687253297e-06
138,0.4,0.37372,0.52497,0.53499,0.55378,0.46484,0.4625,0.006532279984918763,2.2331468725279396e-06
77,0.02,0.2115,0.62902,0.47414,0.0255,0.20991,0.40363,0.0018195996880687227,2.790145737218794e-06
147,0.0,0.37774,0.66399,0.59693,0.06086,0.43958,0.4352,0.0010212706014932002,2.1860651153300967e-06
198,1.0,0.40731,0.52354,0.40601,0.33468,0.61241,0.36858,0.007282892588313225,-3.116065312918581e-06
79,0.02,0.24781,0.60851,0.57268,0.06929,0.64878,0.45081,0.0035655220244340835,3.4454790371478335e-06
293,0.1,0.52675,0.55478,0.65809,0.3957,0.62216,0.23129,0.0034252784457453867,4.4196640277039905e-06
89,0.02,0.29001,0.70254,0.47088,0.05213,0.39272,0.51186,0.0018880026016494852,8.852746393328133e-06
152,0.0,0.34061,0.62829,0.50799,0.0601,0.4881,0.43393,0.0012719270151809025,4.5629100718959785e-06
357,40.0,0.30043,0.65121,0.54969,0.10483,0.38114,0.50074,0.01338998211091241,6.205380068206258e-07
109,0.2,0.32458,0.58533,0.51692,0.24326,0.86904,0.70126,0.003385405701292747,-6.9874946154964215e-06
216,4.0,0.37102,0.56225,0.46463,0.23868,0.41958,0.44565,0.013534172661870503,2.6411166330301723e-06
281,20.0,0.37555,0.56137,0.41636,0.06933,0.37624,0.44485,0.014559770776153141,1.8571519363965615e-06
40,0.002,0.34954,0.58111,0.56205,0.04108,0.41773,0.27684,0.0017514550549687432,3.638090069527121e-06
253,10.0,0.45112,0.6274,0.46403,0.19476,0.47524,0.65765,0.012433628318584071,7.854440310801262e-07
86,0.02,0.47479,0.50074,0.51156,0.48543,0.44847,0.45284,0.0007153863086065808,-5.728104649574725e-06
363,40.0,0.26084,0.62998,0.56764,0.09378,0.39721,0.39572,0.013238924145235269,-1.8941809507949196e-07
211,4.0,0.35791,0.58721,0.46597,0.26512,0.22503,0.45866,0.0123746130252909,1.2614603008763908e-06
38,0.002,0.44473,0.70493,0.55464,0.04973,0.39541,0.45974,0.0014990619642200596,5.262396089139248e-08
237,10.0,0.38656,0.62118,0.4662,0.15307,0.39145,0.46341,0.015214105144581835,1.8003686063502943e-06
295,0.1,0.29604,0.61432,0.45181,0.11777,0.34498,0.48484,0.003298986311845824,3.7972727191666235e-06
244,10.0,0.33488,0.61173,0.51886,0.16811,0.25962,0.30848,0.01306132944671784,2.450863676104085e-06
13,2.0,0.29173,0.48601,0.51396,0.40245,0.3086,0.35219,0.008940633443410319,-1.8820860217706754e-06
7,2.0,0.43786,0.5589,0.41192,0.38251,0.91597,0.54317,0.00833378332163367,1.4473009978097583e-07
186,1.0,0.35827,0.53227,0.38056,0.21683,0.38914,0.49886,0.007333202279708045,-8.559932570343948e-07
350,40.0,0.25945,0.58276,0.4758,0.03587,0.41727,0.52047,0.01452373359076687,6.410800556368123e-08
313,0.1,0.29313,0.59404,0.44503,0.04823,0.40688,0.49166,0.0035883611672444834,5.04847499733595e-06
335,0.04,0.27404,0.55684,0.50158,0.03914,0.32757,0.36463,0.0013111077272565832,-8.251631932813427e-08
273,20.0,0.26235,0.52559,0.48106,0.15506,0.41532,0.58046,0.013915311939732151,1.7672966131437911e-06
174,0.0,0.86927,0.30669,0.8878,0.2191,0.42468,0.52319,0.0004887010507073907,-4.776550242723604e-07
282,20.0,0.27178,0.58967,0.46555,0.15749,0.41989,0.43648,0.013335804561180574,1.7620873566947192e-06
226,4.0,0.49876,0.61756,0.48795,0.35199,0.47332,0.70168,0.013071462579843238,2.8011805094850116e-07
378,40.0,0.32873,0.69682,0.53733,0.0864,0.34701,0.48346,0.010779005700862907,3.1071327021108136e-06
251,10.0,0.44147,0.47899,0.43241,0.32182,0.45242,0.54919,0.013752713334318257,2.5926412259593727e-06
76,0.02,0.35512,0.63474,0.44775,0.0231,0.58962,0.40688,0.0017239492119088984,5.85926596331705e-06
319,0.04,0.58973,0.54732,0.68884,0.23817,0.59755,0.61398,0.001721109317056855,1.1936098122184484e-05
127,0.4,0.2645,0.53422,0.5932,0.40812,0.35818,0.38792,0.006412977699095861,1.4350142778448908e-06
364,40.0,0.31554,0.5833,0.52703,0.08867,0.32168,0.42914,0.013407842642040266,1.1041726951345015e-06
51,0.002,0.36816,0.56203,0.39702,0.62473,0.54403,0.5995,0.0012321805999011312,3.980028906010277e-06
171,0.0,0.30907,0.53114,0.49766,0.01045,0.39042,0.46471,0.0009074165581061376,-2.599915444395162e-06
201,1.0,0.22538,0.38215,0.16114,0.1693,0.75414,0.33655,0.008891205552359645,-4.7434309784297117e-07
236,10.0,0.2739,0.54037,0.5134,0.14702,0.39795,0.42297,0.014174706858647704,2.486508713380057e-06
32,0.002,0.3228,0.70922,0.47076,0.03823,0.39062,0.52434,0.0018413228782122103,1.8039391112272773e-06
299,0.1,0.43908,0.58805,0.53786,0.28459,0.23709,0.54263,0.003024665568030063,4.968227112064865e-06
328,0.04,0.33129,0.55955,0.49516,0.0429,0.63088,0.67232,0.003188760607781239,1.554492411075154e-05
263,20.0,0.31473,0.64636,0.52526,0.13428,0.42036,0.52202,0.013771384800996019,1.4426667781063521e-06
376,40.0,0.26042,0.54285,0.4666,0.04139,0.30134,0.34542,0.013826819494143336,-3.3144581139290795e-07
16,2.0,0.47518,0.49845,0.39751,0.40695,0.46205,0.55153,0.011872500900149813,8.168538579793038e-07
189,1.0,0.21933,0.76045,0.77859,0.22041,0.56283,0.18004,0.007895568101698749,-7.828191577729117e-07
372,40.0,0.31955,0.58924,0.51693,0.11448,0.27213,0.4738,0.014432756229262142,9.380781327836551e-07
33,0.002,0.13811,0.82707,0.29594,0.51808,0.72313,0.61643,0.0009103903617737218,-2.468540086369271e-05
354,40.0,0.29139,0.57399,0.49257,0.02156,0.38352,0.41942,0.012931672464224728,-2.838026125250637e-08
15,2.0,0.28045,0.5264,0.49847,0.26551,0.32432,0.48182,0.010692496958720892,-1.5824776810537543e-08
219,4.0,0.37041,0.53379,0.44426,0.28121,0.42491,0.35914,0.012399299855688927,1.6818647852462304e-06
65,0.02,0.33733,0.60324,0.52044,0.08574,0.29507,0.48432,0.0034519527931899754,1.0530082814739396e-05
50,0.002,0.20442,0.50418,0.26266,0.79571,0.30724,0.32011,0.0013121432897175013,-4.3658309953438645e-06
85,0.02,0.26664,0.59934,0.51899,0.01384,0.28335,0.43887,0.001436098121404145,7.676219351583955e-06
310,0.1,0.49493,0.45591,0.7579,0.36025,0.48896,0.98415,0.0027427986569631756,7.5396871549456655e-06
349,40.0,0.28475,0.63394,0.52557,0.05633,0.44217,0.4487,0.01123201778934051,6.508194592237355e-07
47,0.002,0.65641,0.97655,0.36374,0.04051,0.7097,0.40364,0.002098307549305559,-1.6940029225720596e-05
113,0.2,0.57436,0.52658,0.52936,0.49874,0.62336,0.5585,0.004075099498183108,1.1559003842545191e-06
129,0.4,0.37569,0.595,0.42135,0.27121,0.48025,0.75669,0.006835559000739964,7.382768733794258e-07
168,0.0,0.24635,0.61089,0.41551,0.06929,0.38963,0.42285,0.001962743879930592,3.504799246265804e-06
287,20.0,0.3061,0.58495,0.48693,0.12037,0.44662,0.41383,0.01538875529029776,1.958275797639769e-06
276,20.0,0.26603,0.49511,0.44421,0.12374,0.4957,0.49254,0.012741996598609516,2.409490863108738e-06
185,1.0,0.22525,0.58174,0.49587,0.11143,0.36986,0.44734,0.00761947927451712,-2.240787817744324e-06
10,2.0,0.43302,0.48829,0.35466,0.39487,0.54508,0.4055,0.009797836495832594,-1.020186917097947e-06
22,2.0,0.29652,0.61329,0.51154,0.21485,0.72751,0.7253,0.01032862070272524,-1.8974049473654622e-06
148,0.0,0.33303,0.70875,0.47502,0.06076,0.36752,0.44925,0.0007444664354582925,-6.141023709189756e-07
142,0.4,0.2265,0.58507,0.45971,0.12664,0.42947,0.2656,0.0077855140609458685,3.913352430995828e-07
337,0.04,0.25839,0.65627,0.45674,0.04352,0.32331,0.48681,0.0018221299141101945,8.721014120351005e-06
119,0.4,0.27371,0.53661,0.40505,0.23607,0.38966,0.39218,0.006016717106211368,4.151372714726047e-07
215,4.0,0.28923,0.60132,0.57862,0.21722,0.41474,0.47977,0.011155102799578681,1.5684050695990488e-06
164,0.0,0.26618,0.63942,0.47709,0.06305,0.35478,0.50017,0.0010492789689210155,4.639081571732828e-06
300,0.1,0.29743,0.71047,0.4305,0.00491,0.28011,0.42018,0.007570519906575816,3.4165738063694937e-06
118,0.4,0.23361,0.61794,0.54022,0.12639,0.45388,0.53417,0.007765402146743126,2.135324952117455e-06
36,0.002,0.30529,0.59927,0.53403,0.05827,0.46389,0.47253,0.002283537768631691,5.799170890098576e-07
353,40.0,0.28663,0.61725,0.49496,0.05534,0.38145,0.47492,0.013474018731372843,7.179158212488138e-07
232,10.0,0.33913,0.60157,0.49567,0.14875,0.44373,0.43619,0.013930824993797795,2.4852625866415675e-06
75,0.02,0.38326,0.48745,0.38414,0.46901,0.63197,0.4385,0.0010030183422335057,-9.696722481607938e-06
225,4.0,0.20328,0.48121,0.52287,0.2663,0.41205,0.50498,0.011761245643345162,4.11765678619988e-07
104,0.2,0.19041,0.58891,0.4889,0.1081,0.42705,0.39303,0.005312096068048261,2.3019017504661215e-06
224,4.0,0.28646,0.5832,0.51782,0.26402,0.53806,0.3043,0.0117323160527594,4.4872545821962925e-07
246,10.0,0.35944,0.65794,0.54478,0.15703,0.43066,0.38043,0.01407773263921206,2.8962787539217896e-06
222,4.0,0.32176,0.6364,0.53622,0.22602,0.36425,0.47416,0.011746785538282368,9.470659142525326e-07
30,0.002,0.19257,0.73738,0.21758,0.8142,0.47506,0.75314,0.0004016364349628507,-4.622900537686642e-05
27,2.0,0.15505,0.51686,0.53313,0.34697,0.37488,0.46849,0.014844343944326507,-1.3465048015182348e-07
100,0.2,0.2096,0.62564,0.51353,0.0693,0.42205,0.46321,0.004995291690955628,2.216456988003901e-06
179,1.0,0.28912,0.60363,0.52755,0.21738,0.45384,0.45947,0.007978534306742273,-2.5175102878064518e-06
4,2.0,0.24416,0.57954,0.53289,0.18859,0.40394,0.43159,0.011937448858987114,6.596171018561571e-07
329,0.04,0.30959,0.22147,0.47851,0.09628,0.44988,0.25088,0.0016022423773469647,2.1391991085106028e-05
60,0.02,0.23275,0.67512,0.45787,0.10437,0.51516,0.45405,0.0011911796430211794,1.1742974718362343e-06
239,10.0,0.32215,0.63944,0.48324,0.19502,0.36892,0.48574,0.012355084277509431,8.501690825135866e-07
344,0.04,0.58683,0.00865,0.59687,0.17647,0.61632,0.86483,0.0008888841498837602,1.7900758153190227e-05
56,0.002,0.17562,0.61097,0.30707,0.22872,0.08622,0.53308,0.000916203983654921,9.562002607981335e-06
63,0.02,0.42094,0.73055,0.46069,0.69297,0.20252,0.36334,0.0010992766944104512,-9.674037406620757e-06
161,0.0,0.2026,0.61658,0.4687,0.0612,0.37811,0.43905,0.00172305906465099,3.2678233355847474e-06
26,2.0,0.44962,0.48397,0.44733,0.48311,0.40221,0.47735,0.009481468439123225,-9.74535655898563e-07
90,0.2,0.35175,0.57901,0.63943,0.46241,0.70416,0.71653,0.0025394120153386683,-5.8901593266339135e-06
111,0.2,0.26275,0.66859,0.50652,0.06795,0.34828,0.45971,0.004990326721753189,1.5989113650327148e-06
78,0.02,0.29415,0.58427,0.47032,0.07155,0.26607,0.48002,0.001695991372187481,-6.036818393471814e-07
264,20.0,0.28024,0.60247,0.51968,0.14709,0.45459,0.48413,0.013623139425663552,2.12868128256036e-06
3,2.0,0.29932,0.51438,0.3993,0.25741,0.55055,0.56876,0.013000122642666544,-3.872420850343005e-07
64,0.02,0.85245,0.13421,0.3796,0.54744,0.63919,0.32829,0.0011609265299353535,-2.576547225825339e-05
270,20.0,0.33463,0.61808,0.44098,0.14181,0.36872,0.52865,0.017262305980979963,1.0974327746610395e-06
84,0.02,0.2402,0.76629,0.35275,0.68739,0.59703,0.58751,0.0008240740740740404,-2.7487815548764168e-05
133,0.4,0.24028,0.59987,0.49296,0.04458,0.44491,0.45215,0.007037260254546873,3.3027145809101e-06
369,40.0,0.2592,0.62924,0.56497,0.09893,0.40068,0.49531,0.011960202472216132,8.835852101124345e-07
23,2.0,0.46124,0.53896,0.46941,0.4547,0.47374,0.57108,0.011335886204045882,1.1882856487094085e-06
312,0.1,0.2665,0.49809,0.44853,0.01926,0.43337,0.47803,0.004917665024023611,1.0298636345224681e-05
5,2.0,0.25513,0.57861,0.42119,0.11907,0.47106,0.56954,0.014596497179933028,1.2848595656818477e-06
288,20.0,0.33086,0.61452,0.54508,0.21153,0.47291,0.39404,0.014053463465912441,2.3328950605284562e-06
112,0.2,0.27335,0.64094,0.7152,0.03915,0.44366,0.50287,0.004009060990725275,3.813685935842841e-06
158,0.0,0.22958,0.64854,0.46991,0.07888,0.38986,0.45986,0.000988061676804086,7.659441647007111e-07
37,0.002,0.30336,0.71848,0.42695,0.04604,0.14682,0.33695,0.0013021788570171601,6.81147502564254e-06
231,4.0,0.48717,0.66751,0.49651,0.29732,0.31246,0.42726,0.012982393739996443,9.258303122281575e-07
123,0.4,0.22702,0.60494,0.5455,0.12692,0.34712,0.38123,0.0070090344588651975,2.2705081475035726e-06
249,10.0,0.28908,0.5881,0.51033,0.14717,0.42503,0.63301,0.013477495757733722,1.5663360565890732e-06
370,40.0,0.2502,0.64996,0.5756,0.0744,0.48818,0.398,0.011803487877499002,1.3587547163467525e-06
292,0.1,0.47878,0.49513,0.55355,0.32954,0.31994,0.23741,0.0030711059081102586,5.186930101765273e-06
184,1.0,0.27652,0.4857,0.41053,0.22902,0.38546,0.50725,0.0068445013197515085,-1.936499640871349e-06
46,0.002,0.73496,0.34701,0.63284,0.7474,0.31782,0.57016,0.001557372490127472,5.465162788325855e-06
9,2.0,0.48372,0.55651,0.36157,0.42702,0.52923,0.62615,0.012652780168703736,-1.52364695666961e-06
385,40.0,0.27224,0.64231,0.51061,0.05301,0.45884,0.42698,0.012546166050039604,2.465899818018356e-06
309,0.1,0.38898,0.67702,0.47733,0.05658,0.41339,0.53501,0.004861111206853396,1.1598743437806552e-05
190,1.0,0.40625,0.4693,0.44797,0.39105,0.61338,0.51453,0.006236837553425203,-2.9367154181458935e-07
2,2.0,0.46198,0.68375,0.50381,0.30122,0.42229,0.71279,0.010918613290806617,3.9882389818605764e-07
150,0.0,0.31947,0.63598,0.3676,0.09485,0.36471,0.42049,0.0026886093724579913,2.4570579838668216e-06
260,20.0,0.27878,0.60528,0.5161,0.15973,0.52277,0.52426,0.014346219827294409,2.086976920870446e-06
323,0.04,0.26896,0.62194,0.47638,0.04348,0.30691,0.41605,0.0019977038161873655,9.753235605864287e-06
351,40.0,0.31164,0.60054,0.5199,0.09668,0.37729,0.45154,0.013715415735933727,1.7178441769919826e-06
266,20.0,0.22727,0.61285,0.53312,0.09603,0.40269,0.47923,0.014262695122656835,1.9078405926533945e-06
114,0.2,0.52346,0.54435,0.65219,0.648,0.21009,0.51849,0.005652649331875382,-1.805737688164633e-05
308,0.1,0.36788,0.65371,0.53588,0.12281,0.34086,0.42949,0.002198039614067059,6.83511754275426e-06
305,0.1,0.39108,0.45261,0.59987,0.05218,0.3575,0.39262,0.0013814728152731167,1.3965722412305658e-05
359,40.0,0.24314,0.61585,0.55667,0.07414,0.53625,0.47898,0.01248740385214523,7.534867137535741e-07
25,2.0,0.49611,0.56687,0.45609,0.47479,0.47017,0.49144,0.009326961296345904,-1.8195235161663144e-06
159,0.0,0.21524,0.62169,0.48565,0.05244,0.32637,0.44775,0.0007875393769688485,2.3288733891961527e-06
265,20.0,0.32584,0.62916,0.47654,0.09498,0.36181,0.60233,0.012404871287474053,2.3264884468352265e-06
342,0.04,0.35078,0.62164,0.55704,0.02887,0.38731,0.51382,0.001508300665957682,2.1266576124841054e-05
54,0.002,0.33513,0.60547,0.55763,0.02591,0.73601,0.33817,0.0007100357714223757,3.5024876359625264e-06
107,0.2,0.27315,0.6342,0.50849,0.1002,0.41372,0.50178,0.004798378417162947,3.45762341521428e-06
49,0.002,0.44319,0.52613,0.45512,0.56032,0.54608,0.46557,0.0011271190292232547,7.879260469990855e-06
345,0.04,0.63738,0.27005,0.85088,0.03982,0.16745,0.99593,0.0003409523595360512,4.140136848900135e-06
361,40.0,0.26779,0.60826,0.53281,0.08712,0.4007,0.65334,0.013290447869887059,-4.422144630467958e-07
131,0.4,0.45705,0.6637,0.44948,0.2169,0.47262,0.3559,0.006452089313900111,2.700768953492965e-06
20,2.0,0.42818,0.5188,0.45927,0.58322,0.57233,0.56408,0.010155738552182719,-3.402353316684454e-07
34,0.002,0.27357,0.0277,0.92859,0.07022,0.80675,0.99751,0.00076718955900139,-6.27167413046047e-06
53,0.002,0.55715,0.80813,0.61669,0.73555,0.10589,0.65716,0.0016938854417910662,4.183231661050028e-06
320,0.04,0.41464,0.57933,0.54902,0.04959,0.41115,0.43269,0.001216602135456447,1.560983323750616e-05
383,40.0,0.28433,0.63342,0.52541,0.05525,0.43367,0.47884,0.011943618165872569,2.8526156783723806e-06
69,0.02,0.3105,0.63044,0.49436,0.19547,0.22358,0.33635,0.0021510935494889324,-7.761339730536227e-06
61,0.02,0.4858,0.48519,0.48602,0.36093,0.61412,0.67181,0.0004807603409699255,-1.6618995988875436e-05
151,0.0,0.27273,0.53968,0.38642,0.06725,0.33788,0.40564,0.0014294776152739685,4.839278064979935e-06
257,10.0,0.39788,0.63456,0.56265,0.24023,0.28226,0.63213,0.01576207820180521,2.840418951684709e-06
192,1.0,0.28067,0.65697,0.56654,0.12187,0.32341,0.4755,0.006766191589366145,1.1415076652739965e-07
117,0.4,0.24036,0.60379,0.54387,0.16177,0.46342,0.46779,0.005796549284275972,1.4612619812922977e-06
243,10.0,0.42472,0.56672,0.50557,0.2855,0.38874,0.37085,0.013428441546888074,2.605485039038003e-06
227,4.0,0.22618,0.5476,0.56622,0.24745,0.23872,0.20597,0.012073712304951516,1.533001251454367e-06
139,0.4,0.29598,0.54947,0.43039,0.18581,0.39919,0.40287,0.005526547164055781,3.1935696408449463e-07
261,20.0,0.38416,0.64419,0.46681,0.12892,0.58757,0.60455,0.013773651110508846,2.079398941846404e-06
134,0.4,0.24131,0.6189,0.53684,0.11445,0.41394,0.40485,0.005860747926332132,2.0263589878162016e-06
338,0.04,0.27475,0.6688,0.45998,0.03801,0.36301,0.48452,0.0016575807770242384,4.298064954430706e-06
137,0.4,0.27282,0.6572,0.51526,0.05683,0.2844,0.56237,0.006495369042441862,1.301204644804976e-06
92,0.2,0.27568,0.56893,0.47423,0.11036,0.40692,0.5222,0.004910506239536016,5.1278151645069905e-06
166,0.0,0.83284,0.03001,0.80133,0.89752,0.54168,0.60855,0.0005082145959231949,5.868920726256902e-06
332,0.04,0.3094,0.69758,0.50992,0.02317,0.27279,0.48497,0.001711863485680093,8.846090453206445e-06
157,0.0,0.29635,0.5922,0.54217,0.07691,0.46321,0.50215,0.0020296215030170713,6.245956881648837e-06
21,2.0,0.35629,0.60518,0.44895,0.22016,0.15788,0.26056,0.010855773297617369,-1.6674756293144268e-06
173,0.0,0.76359,0.06031,0.70502,0.82276,0.48399,0.50439,0.000391076187098223,-1.952820117049332e-06
230,4.0,0.33772,0.61829,0.53465,0.21065,0.37567,0.47185,0.012185195616279386,2.690240121448642e-06
272,20.0,0.30661,0.56041,0.45245,0.13759,0.41684,0.47796,0.01349240666060742,1.9691098672409633e-06
269,20.0,0.34264,0.64413,0.5365,0.21108,0.32148,0.26699,0.01565242832065532,1.5622177932518916e-06
366,40.0,0.24801,0.59789,0.53577,0.06689,0.37248,0.48245,0.012095653249559303,1.3545563883160681e-06
279,20.0,0.29822,0.6083,0.55518,0.21346,0.48671,0.3195,0.014092767274489429,2.5059354868707234e-06
93,0.2,0.31464,0.60921,0.45672,0.09708,0.31393,0.44906,0.0036876588736529958,3.4685666039313663e-06
212,4.0,0.28779,0.57244,0.5536,0.24816,0.38505,0.46022,0.01248598948068745,1.6962776396095248e-06
280,20.0,0.24363,0.61865,0.54188,0.11256,0.40775,0.40146,0.013339951626781107,2.0737642915792898e-06
240,10.0,0.26832,0.59744,0.52838,0.15608,0.37164,0.48085,0.013367124340449357,1.3651054457154784e-06
14,2.0,0.29516,0.50243,0.45389,0.29323,0.65966,0.38792,0.009858253315043372,-1.1820864684035368e-08
156,0.0,0.3044,0.66512,0.45709,0.0424,0.38536,0.42091,0.002332245554721992,1.5202226028940192e-06
271,20.0,0.30896,0.65247,0.5337,0.1206,0.41681,0.46802,0.013222581820420283,2.536722473705869e-06
217,4.0,0.26747,0.5654,0.47844,0.20548,0.36972,0.38304,0.010758422160920704,5.378499799019581e-08
42,0.002,0.19589,0.55323,0.19936,0.0958,0.25221,0.58299,0.0011663253404842462,-2.057823112403337e-05
314,0.1,0.31247,0.65407,0.50853,0.06614,0.42938,0.3109,0.0049686397159127834,5.5232218927023615e-06
382,40.0,0.25168,0.64501,0.54993,0.09867,0.41737,0.51769,0.012581956489307941,2.025783740608676e-06
346,0.04,0.31326,0.53913,0.58417,0.06095,0.27686,0.51263,0.001633192613498578,1.641033721808944e-05
356,40.0,0.30706,0.6584,0.52798,0.04981,0.42831,0.48731,0.012938837962281013,-1.3384639198199522e-07
12,2.0,0.632,0.63663,0.26834,0.17892,0.45233,0.44137,0.012390996667123292,9.469497558941477e-07
256,10.0,0.3952,0.53048,0.40723,0.23828,0.28527,0.37425,0.013347068382782545,2.749017005633937e-06
234,10.0,0.31663,0.57695,0.52135,0.16655,0.39222,0.41165,0.01405859259063139,3.5632026573158114e-06
228,4.0,0.36157,0.55649,0.45888,0.22769,0.41063,0.44239,0.012169120581605639,2.1370286790549716e-06
327,0.04,0.27271,0.65328,0.41517,0.10932,0.40001,0.39127,0.0016084610670476936,9.358682369650023e-06
218,4.0,0.25657,0.54578,0.52015,0.21207,0.35042,0.44946,0.012122170724419318,2.1088650603909474e-06
348,40.0,0.25459,0.637,0.558,0.09455,0.39699,0.4052,0.01147210911552872,1.3521391736440604e-06
233,10.0,0.33065,0.62199,0.44277,0.13166,0.26483,0.43932,0.015793571276850795,1.7544120683298997e-06
43,0.002,0.2338,0.58335,0.51887,0.00904,0.41448,0.46738,0.002015559021222518,1.9908656404011914e-06
181,1.0,0.26885,0.59474,0.4837,0.13672,0.39091,0.53255,0.007174527036051559,1.0157993236453566e-07
330,0.04,0.32617,0.63323,0.4864,0.0437,0.3751,0.42918,0.0018681134758312358,1.3195248022528957e-05
204,1.0,0.35061,0.60299,0.50429,0.20425,0.36214,0.42516,0.009120597745786316,1.3838034829556121e-06
207,4.0,0.37682,0.53065,0.46971,0.30708,0.31418,0.54635,0.010642830513589933,1.6216277019239464e-06
124,0.4,0.27055,0.60997,0.49486,0.09492,0.34852,0.42927,0.006825632849029966,8.657301092459131e-07
324,0.04,0.2842,0.64473,0.52177,0.02801,0.34401,0.3023,0.0018245524293960752,1.0879806356711754e-05
245,10.0,0.34822,0.59882,0.46851,0.12086,0.37267,0.40527,0.014269465700210756,2.7509472766831043e-06
343,0.04,0.31115,0.61126,0.52508,0.02866,0.3831,0.45359,0.0011421581245523974,1.0298594342699575e-05
176,0.0,0.24469,0.54554,0.51597,0.06045,0.35407,0.36813,0.0018792639697893057,-1.949023164579611e-06
87,0.02,0.37914,0.52999,0.37347,0.5967,0.58114,0.58762,0.0016378034821935739,2.1291415376360043e-06
250,10.0,0.24078,0.58013,0.48635,0.1186,0.38488,0.58339,0.012955037300038677,8.941375107022709e-07
238,10.0,0.28145,0.59386,0.50756,0.13378,0.35167,0.51414,0.013147168502298185,1.4746064636104178e-06
247,10.0,0.26303,0.51537,0.48859,0.15671,0.41443,0.57183,0.013704997565318844,1.4191905963880812e-06
160,0.0,0.29194,0.65202,0.51904,0.09509,0.3352,0.53654,0.0019317277337076244,4.148356582154363e-06
274,20.0,0.34903,0.63168,0.55504,0.24301,0.40199,0.43496,0.013533830130391123,2.3501204773071657e-06
283,20.0,0.40807,0.59977,0.43865,0.12894,0.34062,0.46596,0.01328580011100513,1.2629899434686617e-06
340,0.04,0.2604,0.62788,0.47047,0.09399,0.25398,0.50099,0.0016782099094299092,1.0793093548843207e-05
48,0.002,0.32556,0.63347,0.42991,0.02671,0.34653,0.39702,0.000707428898918228,5.30128786062506e-06
301,0.1,0.70355,0.55338,0.70916,0.16361,0.36588,0.29898,0.0011791247885619175,2.0386998506443907e-05
103,0.2,0.22316,0.60304,0.44154,0.03059,0.33182,0.31141,0.005899551460572777,3.984867793884002e-06
304,0.1,0.5264,0.38233,0.5871,0.40238,0.54997,0.62775,0.001973312856888442,5.2262670810497934e-06
59,0.002,0.16804,0.83362,0.19373,0.4093,0.42365,0.21188,0.0009017132551847842,1.805616699710327e-05
162,0.0,0.28315,0.56226,0.42552,0.09211,0.31017,0.51018,0.0012952901809807898,6.293633864279012e-06
98,0.2,0.30523,0.53626,0.3747,0.06824,0.44356,0.50131,0.003759263256349312,3.59212478930382e-06
267,20.0,0.31473,0.64636,0.52526,0.13428,0.42036,0.52202,0.013413649630503536,2.07407664577466e-06
105,0.2,0.36122,0.6205,0.368,0.45922,0.55092,0.2683,0.01205831873595565,5.012724351289183e-06
106,0.2,0.32015,0.67955,0.51151,0.15291,0.32495,0.53042,0.004962419632346217,-2.5360696719977666e-06
94,0.2,0.38384,0.57821,0.52274,0.45508,0.75497,0.84985,0.005054598377299624,4.32644673509612e-06
371,40.0,0.31975,0.65337,0.55652,0.09225,0.40006,0.42475,0.0121775118972029,1.2436776625435058e-06
170,0.0,0.24324,0.58936,0.47916,0.04516,0.47773,0.47387,0.001230933904201166,3.312133031777194e-06
72,0.02,0.2632,0.55635,0.50448,0.02711,0.47563,0.47019,0.002964702305034957,-2.513650958537607e-06
291,0.1,0.20195,0.52047,0.4584,0.03546,0.42192,0.44428,0.003415793643806609,6.472008737275041e-06
1,2.0,0.22865,0.58033,0.51876,0.16591,0.3752,0.46959,0.011489212418873882,-3.0899584705875994e-07
24,2.0,0.39522,0.55948,0.41318,0.34671,0.72421,0.67985,0.009060164101381532,-3.066085135940663e-07
325,0.04,0.32148,0.64429,0.5129,0.05519,0.36009,0.28565,0.0013357115032961208,1.4293100927807009e-05
203,1.0,0.28176,0.64387,0.59865,0.20175,0.21398,0.25404,0.007590532157992204,-8.201622863909076e-07
213,4.0,0.25657,0.54578,0.52015,0.21207,0.35042,0.44946,0.010879544603723422,1.1992582408243581e-06
358,40.0,0.23171,0.55843,0.51848,0.05908,0.36456,0.51242,0.012187839652749147,6.570563018970379e-08
149,0.0,0.23092,0.77151,0.49867,0.0997,0.36024,0.44591,0.0010136388730508474,2.627829171297573e-06
365,40.0,0.31074,0.6569,0.55548,0.07511,0.38771,0.40943,0.013905399083859387,1.5327167582555784e-06
116,0.2,0.25178,0.57797,0.46747,0.21466,0.60066,0.64708,0.004819255483361519,4.297545075740598e-07
126,0.4,0.38958,0.69332,0.50396,0.16982,0.37253,0.46737,0.0064932120541585005,2.732811532121977e-07
120,0.4,0.3198,0.64463,0.40112,0.03664,0.38507,0.42138,0.007736040795026962,-8.652998369143301e-08
125,0.4,0.35161,0.68999,0.51224,0.18,0.42149,0.4403,0.006754281732169533,1.6403480280999183e-06
302,0.1,0.20248,0.60082,0.55869,0.0456,0.47777,0.44145,0.0028163681846719037,5.5691597229870265e-06
101,0.2,0.25334,0.56532,0.48825,0.09753,0.4157,0.46059,0.003981449858896632,3.979785638005952e-06
132,0.4,0.40398,0.63798,0.50928,0.34847,0.54025,0.39936,0.006585766306192372,4.12739473154432e-06
41,0.002,0.24242,0.66015,0.46148,0.00734,0.38857,0.48151,0.000675998449710222,9.03192758940043e-06
210,4.0,0.31117,0.57917,0.48463,0.18317,0.3735,0.6289,0.012904514256571986,1.3735132749513166e-06
258,10.0,0.40807,0.59977,0.43865,0.12894,0.34062,0.46596,0.014112308970248037,1.7632260253205147e-06
306,0.1,0.52044,0.43322,0.55035,0.38023,0.42377,0.45382,0.0034565593308906457,5.617649478602163e-06
155,0.0,0.67564,0.34686,0.67921,0.37987,0.47694,0.51106,0.0010377410016931233,1.3382349420641039e-05
307,0.1,0.33491,0.63286,0.45154,0.11739,0.46117,0.4861,0.0022356501984661667,4.8945464009632764e-06
83,0.02,0.24254,0.71148,0.30418,0.99514,0.27303,0.63909,0.0022422771158014665,-5.5848294035733754e-05
68,0.02,0.36143,0.38253,0.48157,0.28367,0.39374,0.59561,0.0018833897461866447,-1.0155761687775846e-05
379,40.0,0.30361,0.60124,0.49575,0.0989,0.43128,0.55896,0.012559409146863246,2.058382144721207e-06
311,0.1,0.20952,0.63848,0.49942,0.09319,0.41763,0.48816,0.005709467127377439,3.011147542254325e-06
352,40.0,0.2431,0.55803,0.52,0.09311,0.20264,0.34786,0.01304545728191851,6.867704401323862e-07
220,4.0,0.33869,0.65384,0.53723,0.13679,0.35251,0.40873,0.012178825383350906,3.1930116434240236e-06
355,40.0,0.3159,0.64891,0.549,0.12632,0.38942,0.52233,0.012585925996447542,5.971209374445854e-07
194,1.0,0.35112,0.61985,0.50984,0.23217,0.19452,0.22147,0.007505093724099128,-1.2753877495751767e-06
384,40.0,0.31926,0.6539,0.55259,0.09157,0.4009,0.42413,0.01159900695988501,2.884439262940594e-06
141,0.4,0.40246,0.54637,0.3235,0.30062,0.30819,0.49991,0.006795642685476026,2.284932381853417e-06
91,0.2,0.61868,0.49386,0.33817,0.44338,0.41601,0.27631,0.0034411246512993684,-3.3736147797914516e-06
252,10.0,0.22953,0.57802,0.58687,0.19242,0.52882,0.32794,0.013968673467228345,2.4715377738279464e-06
81,0.02,0.20745,0.96001,0.41026,0.06755,0.25331,0.36452,0.00044394705931327785,-3.266373089619433e-05
205,1.0,0.54575,0.4862,0.49149,0.46718,0.50334,0.47364,0.008472218004219509,-1.8365067764345924e-06
140,0.4,0.24731,0.60719,0.49081,0.06273,0.32876,0.4891,0.006487761722205872,-8.660494133275169e-07
70,0.02,0.29671,0.61899,0.54467,0.07528,0.36513,0.44555,0.003100596131806398,7.964150199147665e-06
29,2.0,0.43276,0.51988,0.48366,0.48639,0.47732,0.46894,0.013908036275309822,-1.3168079894486337e-06
341,0.04,0.2376,0.60401,0.49652,0.02892,0.40552,0.3941,0.002843375955595631,8.130470856967906e-06
135,0.4,0.26161,0.62632,0.47256,0.11018,0.36495,0.45707,0.008963489737388697,-2.3735195681720934e-06
130,0.4,0.33883,0.6639,0.48796,0.13766,0.46735,0.4829,0.006183729680102318,3.409745416993947e-07
223,4.0,0.33634,0.61237,0.50501,0.2054,0.41787,0.46332,0.012614150963182438,2.2454590041364382e-06
154,0.0,0.86517,0.35312,0.88973,0.13908,0.39483,0.44945,0.000701238855311171,6.3583683840243205e-06
199,1.0,0.24358,0.5618,0.46461,0.16489,0.40908,0.51999,0.009963685879299649,-7.816093463566866e-07
52,0.002,0.35575,0.41275,0.47872,0.18844,0.38868,0.45004,0.002193121573247608,3.35004787389929e-07
163,0.0,0.26822,0.45443,0.39157,0.84186,0.35107,0.54974,0.0006935874685857939,-3.4057134003249855e-06
35,0.002,0.30201,0.52023,0.47824,0.0658,0.4122,0.46278,0.0025697912472910115,1.0974705994069975e-05
277,20.0,0.27336,0.67057,0.55302,0.1094,0.5118,0.54955,0.01346166751236104,1.8449951097779221e-06
191,1.0,0.51658,0.47234,0.25587,0.32568,0.53183,0.56393,0.006468988521606089,-1.6957184530978599e-06
31,0.002,0.62281,0.00243,0.75523,0.00537,0.15351,0.12648,0.0005398332921597408,-1.779983178822846e-06
197,1.0,0.36409,0.52409,0.41917,0.33005,0.6321,0.67124,0.00731176170134324,-1.5292362524374028e-06
284,20.0,0.19669,0.49133,0.49926,0.16851,0.40268,0.50672,0.013192299939259355,2.4325251801581494e-06
303,0.1,0.282,0.65183,0.52345,0.08179,0.40148,0.49069,0.004120073243145167,1.9156922717524665e-06
208,4.0,0.27036,0.5925,0.58439,0.22826,0.49691,0.46071,0.010264520643949553,7.413088066765593e-07
146,0.4,0.18982,0.71641,0.62841,0.00363,0.29649,0.33037,0.0064335788446179785,2.2976601219125552e-07
95,0.2,0.58841,0.44503,0.54557,0.41653,0.69547,0.40345,0.0033783783783783786,1.0821276857210456e-06
121,0.4,0.2932,0.6371,0.50486,0.0223,0.31134,0.50784,0.006355650501272081,1.047842878042132e-06
373,40.0,0.34863,0.61891,0.51516,0.08585,0.45276,0.40574,0.012490862276663251,7.748278002621811e-07
294,0.1,0.33105,0.68679,0.54952,0.14677,0.4375,0.5218,0.0028489396215332736,4.203520118671829e-06
367,40.0,0.31119,0.59025,0.52773,0.12874,0.35537,0.47723,0.011681372767535553,1.0452658950573935e-06
187,1.0,0.2503,0.57864,0.42723,0.12618,0.34307,0.43695,0.008261103759609159,1.7577244446661743e-06
88,0.02,0.08412,0.73527,0.09481,0.92201,0.41334,0.50757,0.00021977820715924178,-8.164422251922957e-05
80,0.02,0.41357,0.61566,0.45213,0.60861,0.48515,0.47038,0.0022087451332734693,-1.1182613987456002e-06
11,2.0,0.33103,0.44988,0.31157,0.30797,0.43041,0.62994,0.01117059048451402,1.2211803996912916e-08
